Model,Labels,lr,loss_function,dense_weight_alpha,batch size,data_augmentation,snippet_duration_s,oversampling,oversampling_tolerance,oversampling_ratio,oversampling_method,R2,ME,MAE,MSE,RMSE,Wonder MAE,Transcendence MAE,Nostalgia MAE,Tenderness MAE,Peacfulness MAE,Joy MAE,Power MAE,Tension MAE,Sadness MAE,Wonder RMSE,Transcendence RMSE,Nostalgia RMSE,Tenderness RMSE,Peacfulness RMSE,Joy RMSE,Power RMSE,Tension RMSE,Sadness RMSE
allconv_01,"['Wonder', 'Transcendence', 'Nostalgia', 'Tenderness', 'Peacfulness', 'Joy', 'Power', 'Tension', 'Sadness']",0.01,MAE,0,50,0,29.98575963718821,False,0.0,0,No oversampling,99.0,0.1221724897623062,4.710063457489014,40.67537689208984,6.15336799621582,5.006969451904297,3.3005599975585938,4.610440731048584,4.464245319366455,5.81220293045044,7.53983736038208,5.0532002449035645,4.496239185333252,2.1068782806396484,6.299590110778809,4.020954608917236,5.819514274597168,5.340294361114502,6.893469333648682,9.35626983642578,7.362249374389648,6.825716495513916,3.462250232696533
multitask_model,"['Wonder', 'Transcendence', 'Nostalgia', 'Tenderness', 'Peacfulness', 'Joy', 'Power', 'Tension', 'Sadness']",0.01,MAE,0,50,0,29.98575963718821,False,0.0,0,No oversampling,99.0,-1.2590421438217163,5.016672134399414,51.47281646728516,6.91986083984375,5.316042900085449,3.6586194038391113,5.624334335327148,4.4138007164001465,6.123306274414063,7.818274021148682,5.125368595123291,4.943721771240234,2.126577854156494,7.160182476043701,4.548850059509277,7.038530826568604,6.097075462341309,7.074388980865479,10.34663200378418,8.597888946533203,7.757350921630859,3.657848834991455
multitask_model,"['Wonder', 'Transcendence', 'Nostalgia', 'Tenderness', 'Peacfulness', 'Joy', 'Power', 'Tension', 'Sadness']",0.01,dense_weight,1,50,0,29.98575963718821,False,0.0,0,No oversampling,99.0,0.4511844217777252,5.352449893951416,49.25117492675781,6.911317825317383,4.975121021270752,4.570770740509033,6.244526386260986,5.167613506317139,6.014715194702148,6.381701469421387,5.83390474319458,5.07840633392334,3.905294418334961,6.27445650100708,5.579535961151123,8.044876098632812,6.736931324005127,7.098682880401611,8.572464942932129,8.370950698852539,6.834859848022461,4.689102649688721
allconv_01,"['Wonder', 'Transcendence', 'Nostalgia', 'Tenderness', 'Peacfulness', 'Joy', 'Power', 'Tension', 'Sadness']",0.01,dense_weight,1,50,0,29.98575963718821,False,0.0,0,No oversampling,99.0,0.6266903281211853,5.277554035186768,47.88282012939453,6.706164836883545,5.394996166229248,3.207487106323242,5.879876136779785,5.1741557121276855,6.376699924468994,6.708498001098633,6.597946643829346,5.285282611846924,2.873044967651367,6.874328136444092,3.932267189025879,7.422004222869873,6.009304523468018,7.321667671203613,8.801908493041992,8.593402862548828,7.58637809753418,3.814219951629639
multitask_model,"['Wonder', 'Transcendence', 'Nostalgia', 'Tenderness', 'Peacfulness', 'Joy', 'Power', 'Tension', 'Sadness']",0.01,dense_weight,2,50,0,29.98575963718821,False,0.0,0,No oversampling,99.0,1.0159506797790527,5.978493690490723,58.89555358886719,7.530854225158691,5.788990497589111,6.42659330368042,6.507689476013184,4.493785858154297,6.800642967224121,7.626368999481201,6.2486724853515625,5.304765701293945,4.608930587768555,7.156021595001221,7.819188117980957,7.948050498962402,5.653151988983154,8.326537132263184,10.444485664367676,8.480630874633789,6.625081539154053,5.324539661407471
allconv_01,"['Wonder', 'Transcendence', 'Nostalgia', 'Tenderness', 'Peacfulness', 'Joy', 'Power', 'Tension', 'Sadness']",0.01,dense_weight,2,50,0,29.98575963718821,False,0.0,0,No oversampling,99.0,-0.7337865829467773,6.181381702423096,65.55278778076172,7.892987728118896,6.776879787445068,3.9154772758483887,6.401552677154541,5.299213409423828,6.709359645843506,8.891801834106445,6.200174808502197,5.507928371429443,5.930047035217285,8.66005802154541,4.94918155670166,7.960986614227295,6.6712141036987305,8.60941219329834,11.705045700073242,8.791226387023926,7.335315704345703,6.354453086853027
multitask_model,"['Wonder', 'Transcendence', 'Nostalgia', 'Tenderness', 'Peacfulness', 'Joy', 'Power', 'Tension', 'Sadness']",0.01,dense_weight,3,50,0,29.98575963718821,False,0.0,0,No oversampling,99.0,-1.6510134935379028,7.253029823303223,93.76634979248048,9.12070083618164,6.3712992668151855,4.930434703826904,6.43522310256958,4.390274524688721,7.063264846801758,11.689505577087402,11.499337196350098,5.608471870422363,7.289453983306885,8.265737533569336,6.314984321594238,8.3275146484375,5.438486099243164,8.716507911682129,15.10358428955078,14.732897758483888,7.205544948577881,7.981054306030273
allconv_01,"['Wonder', 'Transcendence', 'Nostalgia', 'Tenderness', 'Peacfulness', 'Joy', 'Power', 'Tension', 'Sadness']",0.01,dense_weight,3,50,0,29.98575963718821,False,0.0,0,No oversampling,99.0,-0.1768409460783004,6.597363471984863,69.0298080444336,8.150620460510254,6.696953773498535,5.337870121002197,5.474730968475342,5.022173404693604,7.457672595977783,9.20229434967041,6.37206506729126,6.443197727203369,7.369312286376953,8.290406227111816,6.383570671081543,6.606292724609375,6.702980995178223,9.66333293914795,11.79544734954834,8.18325138092041,7.778416156768799,7.951882839202881
multitask_model,"['Wonder', 'Transcendence', 'Nostalgia', 'Tenderness', 'Peacfulness', 'Joy', 'Power', 'Tension', 'Sadness']",0.01,dense_weight,4,50,0,29.98575963718821,False,0.0,0,No oversampling,99.0,-3.038317918777466,6.904755115509033,84.21974182128906,8.752479553222656,7.941600799560547,4.537240028381348,7.619495391845703,4.583366394042969,8.769927024841309,10.96772289276123,7.05485725402832,5.886907577514648,4.781679630279541,10.068289756774902,5.416842937469482,9.681526184082031,5.604166507720947,10.814684867858888,13.999796867370604,9.707958221435549,8.169179916381836,5.309868335723877
allconv_01,"['Wonder', 'Transcendence', 'Nostalgia', 'Tenderness', 'Peacfulness', 'Joy', 'Power', 'Tension', 'Sadness']",0.01,dense_weight,4,50,0,29.98575963718821,False,0.0,0,No oversampling,99.0,-4.124653339385986,7.050761699676514,91.70018768310548,9.063152313232422,8.422390937805176,4.563292503356934,7.9262614250183105,4.5411906242370605,8.398127555847168,12.583250045776367,6.247243404388428,4.992692947387695,5.782405376434326,10.362100601196287,5.490203857421875,9.797433853149414,6.118982791900635,10.89437198638916,15.997713088989258,9.345991134643556,7.247044086456299,6.314525604248047
allconv_01,['Wonder'],0.01,MAE,0,50,0,29.98575963718821,False,0.0,0,No oversampling,99.0,0.1923920065164566,5.050814628601074,39.89044952392578,6.31588888168335,5.050814628601074,,,,,,,,,6.31588888168335,,,,,,,,
allconv_01,['Transcendence'],0.01,MAE,0,50,0,29.98575963718821,False,0.0,0,No oversampling,99.0,-0.6028435230255127,3.671474933624268,20.70186424255371,4.549930095672607,,3.671474933624268,,,,,,,,,4.549930095672607,,,,,,,
allconv_01,['Nostalgia'],0.01,MAE,0,50,0,29.98575963718821,False,0.0,0,No oversampling,99.0,-3.120400667190552,6.228249549865723,64.88114166259766,8.054883003234863,,,6.228249549865723,,,,,,,,,8.054883003234863,,,,,,
allconv_01,['Tenderness'],0.01,MAE,0,50,0,29.98575963718821,False,0.0,0,No oversampling,99.0,2.2682337760925293,4.784909725189209,34.971343994140625,5.913657188415527,,,,4.784909725189209,,,,,,,,,5.913657188415527,,,,,
allconv_01,['Peacfulness'],0.01,MAE,0,50,0,29.98575963718821,False,0.0,0,No oversampling,99.0,-0.1334954649209976,5.909702777862549,63.14973068237305,7.946680545806885,,,,,5.909702777862549,,,,,,,,,7.946680545806885,,,,
allconv_01,['Joy'],0.01,MAE,0,50,0,29.98575963718821,False,0.0,0,No oversampling,99.0,-5.45833158493042,8.258698463439941,119.76675415039062,10.94379997253418,,,,,,8.258698463439941,,,,,,,,,10.94379997253418,,,
allconv_01,['Power'],0.01,MAE,0,50,0,29.98575963718821,False,0.0,0,No oversampling,99.0,1.3613301515579224,5.87454891204834,61.55278778076172,7.845558643341064,,,,,,,5.87454891204834,,,,,,,,,7.845558643341064,,
allconv_01,['Tension'],0.01,MAE,0,50,0,29.98575963718821,False,0.0,0,No oversampling,99.0,-0.624798059463501,5.115796089172363,54.83478927612305,7.4050517082214355,,,,,,,,5.115796089172363,,,,,,,,,7.4050517082214355,
allconv_01,['Sadness'],0.01,MAE,0,50,0,29.98575963718821,False,0.0,0,No oversampling,99.0,0.0651382729411125,2.1998486518859863,13.040358543395996,3.611143589019776,,,,,,,,,2.1998486518859863,,,,,,,,,3.611143589019776
allconv_01,['Wonder'],0.01,dense weight,0,50,0,29.98575963718821,False,0.0,0,No oversampling,99.0,-0.6188111901283264,5.110470771789551,45.821102142333984,6.769128799438477,5.110470771789551,,,,,,,,,6.769128799438477,,,,,,,,
allconv_01,['Transcendence'],0.01,dense weight,0,50,0,29.98575963718821,False,0.0,0,No oversampling,99.0,0.3747211098670959,3.037099599838257,14.682847023010254,3.831820249557495,,3.037099599838257,,,,,,,,,3.831820249557495,,,,,,,
allconv_01,['Nostalgia'],0.01,dense weight,0,50,0,29.98575963718821,False,0.0,0,No oversampling,99.0,2.3371288776397705,5.383759498596191,52.57374572753906,7.250775337219238,,,5.383759498596191,,,,,,,,,7.250775337219238,,,,,,
allconv_01,['Tenderness'],0.01,dense weight,0,50,0,29.98575963718821,False,0.0,0,No oversampling,99.0,1.0367884635925293,4.296894550323486,31.99649238586425,5.656544208526611,,,,4.296894550323486,,,,,,,,,5.656544208526611,,,,,
allconv_01,['Peacfulness'],0.01,dense weight,0,50,0,29.98575963718821,False,0.0,0,No oversampling,99.0,1.570495843887329,5.622674942016602,49.778995513916016,7.055423259735107,,,,,5.622674942016602,,,,,,,,,7.055423259735107,,,,
allconv_01,['Joy'],0.01,dense weight,0,50,0,29.98575963718821,False,0.0,0,No oversampling,99.0,-0.0781568065285682,6.988129615783691,74.83604431152344,8.650782585144043,,,,,,6.988129615783691,,,,,,,,,8.650782585144043,,,
allconv_01,['Power'],0.01,dense weight,0,50,0,29.98575963718821,False,0.0,0,No oversampling,99.0,-1.5156540870666504,5.796192169189453,71.87471771240234,8.477895736694336,,,,,,,5.796192169189453,,,,,,,,,8.477895736694336,,
allconv_01,['Tension'],0.01,dense weight,0,50,0,29.98575963718821,False,0.0,0,No oversampling,99.0,-2.822040319442749,5.134224891662598,64.22015380859375,8.013748168945312,,,,,,,,5.134224891662598,,,,,,,,,8.013748168945312,
allconv_01,['Sadness'],0.01,dense weight,0,50,0,29.98575963718821,False,0.0,0,No oversampling,99.0,-1.4166761636734009,2.0690672397613525,14.085765838623049,3.753100872039795,,,,,,,,,2.0690672397613525,,,,,,,,,3.753100872039795
allconv_01,['Wonder'],0.01,MAE,0,50,0,29.98575963718821,True,0.3,1,adaptive_density_oversampling_V2,99.0,-2.5630321502685547,5.898061752319336,56.77294921875,7.534782409667969,5.898061752319336,,,,,,,,,7.534782409667969,,,,,,,,
allconv_01,['Transcendence'],0.01,MAE,0,50,0,29.98575963718821,True,0.3,1,adaptive_density_oversampling_V2,99.0,-2.0242960453033447,4.441390514373779,27.89337158203125,5.281417369842529,,4.441390514373779,,,,,,,,,5.281417369842529,,,,,,,
allconv_01,['Nostalgia'],0.01,MAE,0,50,0,29.98575963718821,True,0.3,1,adaptive_density_oversampling_V2,99.0,-5.037588596343994,6.584336280822754,68.71707153320312,8.289576530456543,,,6.584336280822754,,,,,,,,,8.289576530456543,,,,,,
allconv_01,['Tenderness'],0.01,MAE,0,50,0,29.98575963718821,True,0.3,1,adaptive_density_oversampling_V2,99.0,-3.4676640033721924,4.759822368621826,46.16154098510742,6.794228553771973,,,,4.759822368621826,,,,,,,,,6.794228553771973,,,,,
allconv_01,['Peacfulness'],0.01,MAE,0,50,0,29.98575963718821,True,0.3,1,adaptive_density_oversampling_V2,99.0,-1.4418044090270996,6.405231475830078,60.38477325439453,7.770763874053955,,,,,6.405231475830078,,,,,,,,,7.770763874053955,,,,
allconv_01,['Joy'],0.01,MAE,0,50,0,29.98575963718821,True,0.3,1,adaptive_density_oversampling_V2,99.0,-7.320428371429443,8.98656940460205,132.6016082763672,11.515276908874512,,,,,,8.98656940460205,,,,,,,,,11.515276908874512,,,
allconv_01,['Power'],0.01,MAE,0,50,0,29.98575963718821,True,0.3,1,adaptive_density_oversampling_V2,99.0,-0.7255364060401917,5.000797271728516,57.24231719970703,7.565865039825439,,,,,,,5.000797271728516,,,,,,,,,7.565865039825439,,
allconv_01,['Tension'],0.01,MAE,0,50,0,29.98575963718821,True,0.3,1,adaptive_density_oversampling_V2,99.0,-5.191784381866455,6.076745510101318,73.87559509277344,8.595090866088867,,,,,,,,6.076745510101318,,,,,,,,,8.595090866088867,
allconv_01,['Sadness'],0.01,MAE,0,50,0,29.98575963718821,True,0.3,1,adaptive_density_oversampling_V2,99.0,-0.4370236694812774,2.443300008773804,13.272710800170898,3.6431732177734375,,,,,,,,,2.443300008773804,,,,,,,,,3.6431732177734375
allconv_01,['Wonder'],0.01,MAE,0,50,0,29.98575963718821,True,0.4,1,adaptive_density_oversampling_V2,99.0,-3.1848552227020264,5.839069366455078,58.63493347167969,7.657345294952393,5.839069366455078,,,,,,,,,7.657345294952393,,,,,,,,
allconv_01,['Wonder'],0.01,MAE,0,50,0,29.98575963718821,True,0.4,2,adaptive_density_oversampling_V2,99.0,-2.664817571640014,5.722624778747559,51.88991165161133,7.203465461730957,5.722624778747559,,,,,,,,,7.203465461730957,,,,,,,,
allconv_01,['Transcendence'],0.01,MAE,0,50,0,29.98575963718821,True,0.4,2,adaptive_density_oversampling_V2,99.0,-4.367311477661133,4.898211479187012,34.31432342529297,5.857842922210693,,4.898211479187012,,,,,,,,,5.857842922210693,,,,,,,
allconv_01,['Nostalgia'],0.01,MAE,0,50,0,29.98575963718821,True,0.4,2,adaptive_density_oversampling_V2,99.0,-4.689790725708008,6.190489768981934,61.85504913330078,7.864798069000244,,,6.190489768981934,,,,,,,,,7.864798069000244,,,,,,
allconv_01,['Tenderness'],0.01,MAE,0,50,0,29.98575963718821,True,0.4,2,adaptive_density_oversampling_V2,99.0,0.0293604452162981,4.696871757507324,34.09362030029297,5.838974475860596,,,,4.696871757507324,,,,,,,,,5.838974475860596,,,,,
allconv_01,['Peacfulness'],0.01,MAE,0,50,0,29.98575963718821,True,0.4,2,adaptive_density_oversampling_V2,99.0,8.112634658813477,9.786747932434082,134.31051635742188,11.589241027832031,,,,,9.786747932434082,,,,,,,,,11.589241027832031,,,,
allconv_01,['Joy'],0.01,MAE,0,50,0,29.98575963718821,True,0.4,2,adaptive_density_oversampling_V2,99.0,-6.625836372375488,8.902881622314453,130.39703369140625,11.41915225982666,,,,,,8.902881622314453,,,,,,,,,11.41915225982666,,,
allconv_01,['Power'],0.01,MAE,0,50,0,29.98575963718821,True,0.4,2,adaptive_density_oversampling_V2,99.0,1.2941371202468872,5.930827617645264,60.74012756347656,7.793595314025879,,,,,,,5.930827617645264,,,,,,,,,7.793595314025879,,
allconv_01,['Tension'],0.01,MAE,0,50,0,29.98575963718821,True,0.4,2,adaptive_density_oversampling_V2,99.0,0.5534136891365051,6.096408843994141,69.2750473022461,8.323163032531738,,,,,,,,6.096408843994141,,,,,,,,,8.323163032531738,
allconv_01,['Sadness'],0.01,MAE,0,50,0,29.98575963718821,True,0.4,2,adaptive_density_oversampling_V2,99.0,1.2778204679489136,2.970675230026245,16.407363891601562,4.050600528717041,,,,,,,,,2.970675230026245,,,,,,,,,4.050600528717041
allconv_01,['Wonder'],0.01,MAE,0,50,0,29.98575963718821,True,0.5,2,adaptive_density_oversampling_V2,99.0,-3.2268290519714355,5.993038177490234,53.278907775878906,7.299240112304687,5.993038177490234,,,,,,,,,7.299240112304687,,,,,,,,
allconv_01,['Transcendence'],0.01,MAE,0,50,0,29.98575963718821,True,0.5,2,adaptive_density_oversampling_V2,99.0,-1.85915207862854,5.007858276367188,38.33329772949219,6.191389083862305,,5.007858276367188,,,,,,,,,6.191389083862305,,,,,,,
allconv_01,['Nostalgia'],0.01,MAE,0,50,0,29.98575963718821,True,0.5,2,adaptive_density_oversampling_V2,99.0,0.5799025297164917,5.176365375518799,47.92012023925781,6.922436237335205,,,5.176365375518799,,,,,,,,,6.922436237335205,,,,,,
allconv_01,['Tenderness'],0.01,MAE,0,50,0,29.98575963718821,True,0.5,2,adaptive_density_oversampling_V2,99.0,1.521403193473816,4.098665237426758,25.868934631347656,5.086151123046875,,,,4.098665237426758,,,,,,,,,5.086151123046875,,,,,
allconv_01,['Peacfulness'],0.01,MAE,0,50,0,29.98575963718821,True,0.5,2,adaptive_density_oversampling_V2,99.0,-6.30330753326416,8.452146530151367,105.49415588378906,10.271035194396973,,,,,8.452146530151367,,,,,,,,,10.271035194396973,,,,
allconv_01,['Joy'],0.01,MAE,0,50,0,29.98575963718821,True,0.5,2,adaptive_density_oversampling_V2,99.0,4.780293941497803,8.63657283782959,103.49412536621094,10.173206329345703,,,,,,8.63657283782959,,,,,,,,,10.173206329345703,,,
allconv_01,['Power'],0.01,MAE,0,50,0,29.98575963718821,True,0.5,2,adaptive_density_oversampling_V2,99.0,-1.6962956190109253,5.274902820587158,59.27839660644531,7.699246406555176,,,,,,,5.274902820587158,,,,,,,,,7.699246406555176,,
allconv_01,['Tension'],0.01,MAE,0,50,0,29.98575963718821,True,0.5,2,adaptive_density_oversampling_V2,99.0,-2.1860036849975586,6.34043550491333,88.01564025878906,9.381665229797363,,,,,,,,6.34043550491333,,,,,,,,,9.381665229797363,
allconv_01,['Sadness'],0.01,MAE,0,50,0,29.98575963718821,True,0.5,2,adaptive_density_oversampling_V2,99.0,-0.7895642518997192,2.35108494758606,13.563225746154783,3.682828426361084,,,,,,,,,2.35108494758606,,,,,,,,,3.682828426361084
allconv_01,['Wonder'],0.01,MAE,0,50,0,29.98575963718821,True,0.3,2,adaptive_density_oversampling,99.0,-0.5208078026771545,5.539687156677246,45.578948974609375,6.751218318939209,5.539687156677246,,,,,,,,,6.751218318939209,,,,,,,,
allconv_01,['Transcendence'],0.01,MAE,0,50,0,29.98575963718821,True,0.3,2,adaptive_density_oversampling,99.0,-1.6792744398117063,3.493070602416992,18.168052673339844,4.262399673461914,,3.493070602416992,,,,,,,,,4.262399673461914,,,,,,,
allconv_01,['Nostalgia'],0.01,MAE,0,50,0,29.98575963718821,True,0.3,2,adaptive_density_oversampling,99.0,-2.7742738723754883,5.841761112213135,57.47511291503906,7.581234455108643,,,5.841761112213135,,,,,,,,,7.581234455108643,,,,,,
allconv_01,['Tenderness'],0.01,MAE,0,50,0,29.98575963718821,True,0.3,2,adaptive_density_oversampling,99.0,0.1606615930795669,4.376140594482422,31.300695419311523,5.594702243804932,,,,4.376140594482422,,,,,,,,,5.594702243804932,,,,,
allconv_01,['Peacfulness'],0.01,MAE,0,50,0,29.98575963718821,True,0.3,2,adaptive_density_oversampling,99.0,-5.136538982391357,7.625574588775635,88.95061492919922,9.431363105773926,,,,,7.625574588775635,,,,,,,,,9.431363105773926,,,,
allconv_01,['Joy'],0.01,MAE,0,50,0,29.98575963718821,True,0.3,2,adaptive_density_oversampling,99.0,4.909731388092041,8.596657752990723,109.68517303466795,10.473069190979004,,,,,,8.596657752990723,,,,,,,,,10.473069190979004,,,
allconv_01,['Power'],0.01,MAE,0,50,0,29.98575963718821,True,0.3,2,adaptive_density_oversampling,99.0,0.0585227198898792,5.713077068328857,61.11761093139648,7.817775249481201,,,,,,,5.713077068328857,,,,,,,,,7.817775249481201,,
allconv_01,['Tension'],0.01,MAE,0,50,0,29.98575963718821,True,0.3,2,adaptive_density_oversampling,99.0,-6.037267208099365,6.738200664520264,77.58478546142578,8.808222770690918,,,,,,,,6.738200664520264,,,,,,,,,8.808222770690918,
allconv_01,['Sadness'],0.01,MAE,0,50,0,29.98575963718821,True,0.3,2,adaptive_density_oversampling,99.0,-0.0696194246411323,2.5170130729675293,14.470287322998049,3.803982973098755,,,,,,,,,2.5170130729675293,,,,,,,,,3.803982973098755
allconv_01,['Wonder'],0.01,MAE,0,50,0,29.98575963718821,True,0.4,2,adaptive_density_oversampling,99.0,-3.931129693984986,5.78098201751709,57.22222137451172,7.564537048339844,5.78098201751709,,,,,,,,,7.564537048339844,,,,,,,,
allconv_01,['Transcendence'],0.01,MAE,0,50,0,29.98575963718821,True,0.4,2,adaptive_density_oversampling,99.0,-2.22274136543274,3.748378276824951,20.245756149291992,4.499528408050537,,3.748378276824951,,,,,,,,,4.499528408050537,,,,,,,
allconv_01,['Nostalgia'],0.01,MAE,0,50,0,29.98575963718821,True,0.4,2,adaptive_density_oversampling,99.0,-3.327268362045288,6.70262336730957,74.82106018066406,8.649916648864746,,,6.70262336730957,,,,,,,,,8.649916648864746,,,,,,
allconv_01,['Tenderness'],0.01,MAE,0,50,0,29.98575963718821,True,0.4,2,adaptive_density_oversampling,99.0,1.8663691282272337,5.017479419708252,39.36408233642578,6.274080276489258,,,,5.017479419708252,,,,,,,,,6.274080276489258,,,,,
allconv_01,['Peacfulness'],0.01,MAE,0,50,0,29.98575963718821,True,0.4,2,adaptive_density_oversampling,99.0,-6.421017169952393,7.8039164543151855,96.30201721191406,9.813359260559082,,,,,7.8039164543151855,,,,,,,,,9.813359260559082,,,,
allconv_01,['Joy'],0.01,MAE,0,50,0,29.98575963718821,True,0.4,2,adaptive_density_oversampling,99.0,-5.043830394744873,7.515649795532227,103.44171905517578,10.17063045501709,,,,,,7.515649795532227,,,,,,,,,10.17063045501709,,,
allconv_01,['Power'],0.01,MAE,0,50,0,29.98575963718821,True,0.4,2,adaptive_density_oversampling,99.0,-0.2590799629688263,5.363202095031738,62.11909103393555,7.881566524505615,,,,,,,5.363202095031738,,,,,,,,,7.881566524505615,,
allconv_01,['Tension'],0.01,MAE,0,50,0,29.98575963718821,True,0.4,2,adaptive_density_oversampling,99.0,-4.110555171966553,5.768277645111084,73.38775634765625,8.566665649414062,,,,,,,,5.768277645111084,,,,,,,,,8.566665649414062,
allconv_01,['Sadness'],0.01,MAE,0,50,0,29.98575963718821,True,0.4,2,adaptive_density_oversampling,99.0,1.7718687057495115,3.558551073074341,21.334680557250977,4.618947982788086,,,,,,,,,3.558551073074341,,,,,,,,,4.618947982788086
allconv_01,['Wonder'],0.01,MAE,0,50,0,29.98575963718821,True,0.5,2,adaptive_density_oversampling,99.0,-3.28838849067688,5.876745700836182,54.58396530151367,7.388096332550049,5.876745700836182,,,,,,,,,7.388096332550049,,,,,,,,
allconv_01,['Transcendence'],0.01,MAE,0,50,0,29.98575963718821,True,0.5,2,adaptive_density_oversampling,99.0,-2.9071621894836426,4.178664207458496,27.54051780700684,5.24790620803833,,4.178664207458496,,,,,,,,,5.24790620803833,,,,,,,
allconv_01,['Nostalgia'],0.01,MAE,0,50,0,29.98575963718821,True,0.5,2,adaptive_density_oversampling,99.0,-1.1394397020339966,4.887462615966797,42.28437423706055,6.502643585205078,,,4.887462615966797,,,,,,,,,6.502643585205078,,,,,,
allconv_01,['Tenderness'],0.01,MAE,0,50,0,29.98575963718821,True,0.5,2,adaptive_density_oversampling,99.0,-3.1262664794921875,5.203322410583496,52.93718338012695,7.275794506072998,,,,5.203322410583496,,,,,,,,,7.275794506072998,,,,,
allconv_01,['Joy'],0.01,MAE,0,50,0,29.98575963718821,True,0.5,2,adaptive_density_oversampling,99.0,-0.0446828193962574,6.907297134399414,80.93695068359375,8.996496200561523,,,,,,6.907297134399414,,,,,,,,,8.996496200561523,,,
allconv_01,['Peacfulness'],0.01,MAE,0,50,0,29.98575963718821,True,0.5,2,adaptive_density_oversampling,99.0,-5.391119480133057,8.073216438293457,106.1691436767578,10.303841590881348,,,,,8.073216438293457,,,,,,,,,10.303841590881348,,,,
allconv_01,"['Wonder', 'Transcendence', 'Nostalgia', 'Tenderness', 'Peacfulness', 'Joy', 'Power', 'Tension', 'Sadness']",0.01,dense_weight_tuned,0,50,0,29.98575963718821,False,0.0,0,No oversampling,99.0,-0.340118944644928,4.997491359710693,45.28794097900391,6.47805643081665,5.088988780975342,3.4316511154174805,5.320960521697998,4.754876613616943,6.380034446716309,6.845510482788086,5.684664726257324,5.150081634521484,2.320653200149536,6.356548309326172,4.017165660858154,6.635885715484619,5.686776161193848,7.463805675506592,8.95738410949707,8.951515197753906,6.882988929748535,3.350437879562378
allconv_01,"['Wonder', 'Transcendence', 'Nostalgia', 'Tenderness', 'Peacfulness', 'Joy', 'Power', 'Tension', 'Sadness']",0.01,dense_weight_tuned,0,50,0,29.98575963718821,False,0.0,0,No oversampling,99.0,-0.2837995290756225,5.00221061706543,45.98063659667969,6.5253496170043945,5.048980236053467,3.255540132522583,5.356362342834473,4.749088287353516,5.951652050018311,6.909735202789307,6.161715984344482,4.863831043243408,2.722990036010742,6.486166954040527,3.950355291366577,6.741176128387451,5.568440437316895,6.876400470733643,9.196219444274902,9.321508407592772,6.859449863433838,3.7284281253814697
allconv_01,"['Wonder', 'Transcendence', 'Nostalgia', 'Tenderness', 'Peacfulness', 'Joy', 'Power', 'Tension', 'Sadness']",0.01,dense_weight_tuned,0,50,0,29.98575963718821,False,0.0,0,No oversampling,99.0,-1.305887222290039,5.203244209289551,50.433555603027344,6.824190139770508,5.387557029724121,3.4271016120910645,5.654225826263428,4.372524261474609,6.16368293762207,7.429678440093994,6.022655010223389,5.960818767547607,2.4109528064727783,7.0589518547058105,4.213735103607178,7.071634292602539,5.4436211585998535,7.1305928230285645,9.856196403503418,9.23758316040039,7.7413458824157715,3.664048910140991
allconv_01,"['Wonder', 'Transcendence', 'Nostalgia', 'Tenderness', 'Peacfulness', 'Joy', 'Power', 'Tension', 'Sadness']",0.01,dense_weight_tuned,0,50,0,29.98575963718821,False,0.0,0,No oversampling,99.0,-1.305887222290039,5.203244209289551,50.433555603027344,6.824190139770508,5.387557029724121,3.4271016120910645,5.654225826263428,4.372524261474609,6.16368293762207,7.429678440093994,6.022655010223389,5.960818767547607,2.4109528064727783,7.0589518547058105,4.213735103607178,7.071634292602539,5.4436211585998535,7.1305928230285645,9.856196403503418,9.23758316040039,7.7413458824157715,3.664048910140991
allconv_01,"['Wonder', 'Transcendence', 'Nostalgia', 'Tenderness', 'Peacfulness', 'Joy', 'Power', 'Tension', 'Sadness']",0.01,dense_weight_tuned,0,50,0,29.98575963718821,False,0.0,0,No oversampling,99.0,-2.161915779113769,5.373254776000977,55.48227691650391,7.036763668060303,5.1226654052734375,3.129423856735229,5.328471660614014,4.8982462882995605,6.803032398223877,8.27462387084961,7.236198902130127,4.770138740539551,2.7964909076690674,6.808444023132324,3.818966865539551,6.706224918365479,5.559265613555908,8.079582214355469,10.928792953491213,10.675814628601074,7.110255718231201,3.6435234546661377
allconv_01,"['Wonder', 'Transcendence', 'Nostalgia', 'Tenderness', 'Peacfulness', 'Joy', 'Power', 'Tension', 'Sadness']",0.01,dense_weight_tuned,0,50,0,29.98575963718821,False,0.0,0,No oversampling,99.0,-2.631322860717773,6.089564323425293,70.89198303222656,8.080011367797852,5.520273685455322,4.228456974029541,7.265872001647949,4.869632244110107,7.394985198974609,8.96961498260498,7.9190192222595215,5.072729587554932,3.565495252609253,7.165082931518555,5.396363258361816,9.255868911743164,6.032783031463623,9.235149383544922,11.877141952514648,11.429132461547852,7.288268566131592,5.040303707122803
allconv_01,"['Wonder', 'Transcendence', 'Nostalgia', 'Tenderness', 'Peacfulness', 'Joy', 'Power', 'Tension', 'Sadness']",0.01,dense_weight_tuned,0,50,0,29.98575963718821,False,0.0,0,No oversampling,99.0,-0.8248074054718018,5.561015605926514,57.61228561401367,7.104225158691406,5.146265029907227,4.151849746704102,5.822043895721436,4.968983173370361,6.32332706451416,10.638490676879885,5.962917327880859,4.874399662017822,2.1608667373657227,6.435047149658203,4.959720134735107,7.380781650543213,5.844791889190674,7.382302284240723,13.647147178649902,8.086067199707031,6.78850793838501,3.413663387298584
multitask_model,"['Wonder', 'Transcendence', 'Nostalgia', 'Tenderness', 'Peacfulness', 'Joy', 'Power', 'Tension', 'Sadness']",0.01,dense_weight_tuned,0,14,0,29.98575963718821,False,0.0,0,No oversampling,99.0,2.939997911453247,6.429206371307373,66.43305969238281,7.865687847137451,5.745019435882568,5.455738067626953,7.482658863067627,5.8636627197265625,6.032811641693115,9.268012046813965,7.905896186828613,7.102478981018066,3.0065810680389404,6.984961986541748,6.63686466217041,8.989603042602539,6.835286140441895,7.197133541107178,11.966472625732422,9.790822982788086,8.421424865722656,3.968619346618652
FCN_6_layer,"['Wonder', 'Transcendence', 'Nostalgia', 'Tenderness', 'Peacfulness', 'Joy', 'Power', 'Tension', 'Sadness']",0.01,dense_weight_tuned,0,50,0,29.98575963718821,False,0.0,0,No oversampling,99.0,0.15770323574543,5.379151344299316,52.02406311035156,6.802250385284424,5.075100898742676,4.856967926025391,4.916727066040039,3.953460454940796,5.089504718780518,10.337828636169434,6.501857280731201,4.787262439727783,2.893650531768799,6.534663677215576,6.149054050445557,6.259136199951172,5.034289360046387,6.083963394165039,12.877612113952637,8.061273574829102,6.3600239753723145,3.860239028930664
FCN_5_layer,"['Wonder', 'Transcendence', 'Nostalgia', 'Tenderness', 'Peacfulness', 'Joy', 'Power', 'Tension', 'Sadness']",0.01,dense_weight_tuned,0,50,0,29.98575963718821,False,0.0,0,No oversampling,99.0,0.7538326978683472,5.43595552444458,51.00081634521485,6.831655025482178,4.943746089935303,4.171716213226318,5.431686878204346,4.046016216278076,5.624113082885742,7.283275127410889,9.032084465026855,5.903927803039551,2.4870290756225586,6.472711086273193,5.0394158363342285,6.858780860900879,5.136071681976318,6.571394443511963,9.714011192321776,10.527012825012209,7.531619548797607,3.63387131690979
FCN_4_layer,"['Wonder', 'Transcendence', 'Nostalgia', 'Tenderness', 'Peacfulness', 'Joy', 'Power', 'Tension', 'Sadness']",0.01,dense_weight_tuned,0,50,0,29.98575963718821,False,0.0,0,No oversampling,99.0,-5.240472793579102,6.933596611022949,96.70671081542967,8.962725639343262,6.687271118164063,5.087109088897705,6.236823558807373,4.084665298461914,9.006400108337402,15.26264476776123,7.587721824645996,5.242371559143066,3.2073628902435303,8.60949420928955,6.324967384338379,7.978922367095947,5.532762050628662,11.203425407409668,18.60138893127441,10.78972339630127,7.608261108398437,4.015584468841553
multitask_model,"['Wonder', 'Transcendence', 'Nostalgia', 'Tenderness', 'Peacfulness', 'Joy', 'Power', 'Tension', 'Sadness']",0.01,dense_weight,0,14,0,29.98575963718821,False,0.0,0,No oversampling,99.0,-0.8867912888526917,5.243783473968506,51.753719329833984,6.997275352478027,4.826023578643799,4.5697855949401855,5.261394500732422,4.2685160636901855,6.6223883628845215,7.242441177368164,5.970056056976318,5.104928016662598,3.3285183906555176,6.164438247680664,5.431300640106201,6.830662250518799,6.192402362823486,8.016164779663086,10.269360542297363,8.519625663757324,7.235016345977783,4.316507339477539
FCN_5_layer,"['Wonder', 'Transcendence', 'Nostalgia', 'Tenderness', 'Peacfulness', 'Joy', 'Power', 'Tension', 'Sadness']",0.01,dense_weight,0,50,0,29.98575963718821,False,0.0,0,No oversampling,99.0,0.6656000018119812,4.927370071411133,44.52219009399414,6.4760942459106445,5.029926776885986,3.1491620540618896,6.07567834854126,4.95369291305542,6.120090961456299,6.744635581970215,4.868355751037598,5.210503101348877,2.194284677505493,6.338424682617188,3.8809797763824463,7.422272205352783,6.145508766174316,7.494213581085205,8.52208423614502,7.301525592803955,7.5910258293151855,3.588810920715332
FCN_4_layer,"['Wonder', 'Transcendence', 'Nostalgia', 'Tenderness', 'Peacfulness', 'Joy', 'Power', 'Tension', 'Sadness']",0.01,dense_weight,0,50,0,29.98575963718821,False,0.0,0,No oversampling,99.0,0.3025990724563598,4.799444198608398,42.28580856323242,6.335735321044922,4.6627302169799805,3.2422213554382324,5.737963676452637,4.491208553314209,5.435270309448242,6.507170677185059,5.099603652954102,4.712097644805908,3.3067305088043213,6.299910068511963,3.9004178047180176,7.204322814941406,5.47562837600708,6.556511402130127,8.861581802368164,7.5201311111450195,6.818652629852295,4.384463310241699
FCN_4_layer,"['Wonder', 'Transcendence', 'Nostalgia', 'Tenderness', 'Peacfulness', 'Joy', 'Power', 'Tension', 'Sadness']",0.01,dense_weight,0,50,1,29.98575963718821,False,0.0,0,No oversampling,99.0,1.090029239654541,5.205557346343994,47.83269119262695,6.736067295074463,6.1412787437438965,3.493157863616944,6.581007957458496,5.313521862030029,5.388345718383789,7.255531787872314,4.947071552276611,4.815957546234131,2.91414475440979,7.284818172454834,4.4307708740234375,8.003959655761719,6.492566585540772,6.46915340423584,9.330147743225098,7.597938060760498,6.970327854156494,4.044926166534424
FCN_4_layer,"['Wonder', 'Transcendence', 'Nostalgia', 'Tenderness', 'Peacfulness', 'Joy', 'Power', 'Tension', 'Sadness']",0.01,MAE,0,50,1,29.98575963718821,False,0.0,0,No oversampling,99.0,-1.5708613395690918,5.043199062347412,49.63083267211914,6.697629928588867,5.154433250427246,3.3351848125457764,5.275502681732178,4.083369731903076,6.179572582244873,8.023438453674316,5.891173362731934,4.963924884796143,2.4821908473968506,6.702703475952148,4.070691108703613,6.709518909454346,4.956464767456055,7.159407615661621,10.78868007659912,8.943603515625,7.477643966674805,3.4699602127075195
FCN_4_layer,"['Wonder', 'Transcendence', 'Nostalgia', 'Tenderness', 'Peacfulness', 'Joy', 'Power', 'Tension', 'Sadness']",0.01,MAE,0,50,2,29.98575963718821,False,0.0,0,No oversampling,99.0,0.1170752421021461,4.807657241821289,42.62521743774414,6.309323787689209,5.004183292388916,3.3461382389068604,5.439540386199951,4.248324871063232,5.483725070953369,7.164858818054199,5.247773170471191,5.277633666992188,2.0567328929901123,6.315234661102295,4.206852436065674,7.12677812576294,5.287352085113525,6.781526565551758,8.904092788696289,7.46030855178833,7.4848952293396,3.216874361038208
FCN_4_layer,"['Wonder', 'Transcendence', 'Nostalgia', 'Tenderness', 'Peacfulness', 'Joy', 'Power', 'Tension', 'Sadness']",0.01,MAE,0,50,4,29.98575963718821,False,0.0,0,No oversampling,99.0,0.0272485781461,5.309743404388428,52.723758697509766,6.855478763580322,5.27185583114624,3.263600349426269,4.795495510101318,4.1388840675354,6.265459537506104,9.455984115600586,7.269540309906006,4.773313522338867,2.5535597801208496,6.389915943145752,3.9249379634857178,6.276330947875977,5.516412734985352,7.88324499130249,11.696444511413574,9.461206436157228,6.746438980102539,3.804376840591431
FCN_5_layer,"['Wonder', 'Transcendence', 'Nostalgia', 'Tenderness', 'Peacfulness', 'Joy', 'Power', 'Tension', 'Sadness']",0.01,MAE,0,50,1,29.98575963718821,False,0.0,0,No oversampling,99.0,0.2325274646282196,4.876213073730469,42.57732391357422,6.346555709838867,5.366891384124756,3.423307180404663,5.7111358642578125,4.285956382751465,6.181698799133301,6.822059154510498,4.829695701599121,4.885848522186279,2.3793246746063232,6.744583606719971,4.196432590484619,7.527576446533203,5.539365291595459,7.0238542556762695,8.427233695983887,7.269966602325439,6.863273620605469,3.526719093322754
FCN_5_layer,"['Wonder', 'Transcendence', 'Nostalgia', 'Tenderness', 'Peacfulness', 'Joy', 'Power', 'Tension', 'Sadness']",0.01,MAE,0,50,2,29.98575963718821,False,0.0,0,No oversampling,99.0,0.3486579954624176,4.888190269470215,44.5392951965332,6.41558313369751,5.281164646148682,3.0757086277008057,5.841477394104004,4.245661735534668,5.457476139068604,7.413482666015625,5.3116631507873535,5.007704734802246,2.3593733310699463,6.711405754089356,3.68602466583252,7.610370635986328,5.374422550201416,6.628718852996826,9.494813919067385,7.675022125244141,7.10636568069458,3.4531075954437256
FCN_5_layer,"['Wonder', 'Transcendence', 'Nostalgia', 'Tenderness', 'Peacfulness', 'Joy', 'Power', 'Tension', 'Sadness']",0.01,MAE,0,50,4,29.98575963718821,False,0.0,0,No oversampling,99.0,-0.0724832788109779,5.010522365570068,45.91386413574219,6.524403095245361,5.340106010437012,3.3908233642578125,5.264734268188477,4.525281429290772,6.2203288078308105,8.2178316116333,5.684920787811279,4.557584762573242,1.8930869102478027,6.609847545623779,4.123439788818359,6.92918872833252,5.909304618835449,7.941794395446777,9.783004760742188,7.613178253173828,6.444722652435303,3.365142345428467
FCN_6_layer,"['Wonder', 'Transcendence', 'Nostalgia', 'Tenderness', 'Peacfulness', 'Joy', 'Power', 'Tension', 'Sadness']",0.01,MAE,0,50,1,29.98575963718821,False,0.0,0,No oversampling,99.0,0.117500714957714,4.595828533172607,41.39106750488281,6.264326095581055,4.954402923583984,3.410362482070923,4.996912479400635,4.394014835357666,5.432137966156006,6.451159954071045,5.15562629699707,4.493719100952148,2.074122428894043,6.483670711517334,4.36088228225708,6.4562811851501465,5.762065887451172,7.151329517364502,8.220014572143555,7.913088798522949,6.586741924285889,3.4448580741882324
FCN_6_layer,"['Wonder', 'Transcendence', 'Nostalgia', 'Tenderness', 'Peacfulness', 'Joy', 'Power', 'Tension', 'Sadness']",0.01,MAE,0,50,2,29.98575963718821,False,0.0,0,No oversampling,99.0,0.1265024542808532,4.5861639976501465,39.7188835144043,6.069240093231201,4.958310604095459,3.1763670444488525,5.069701671600342,4.060303688049316,5.417413711547852,7.175876617431641,5.484883785247803,4.145187854766846,1.787430763244629,6.461190223693848,3.795046329498291,6.511471748352051,5.335129737854004,6.497062683105469,8.934884071350098,7.594326496124268,6.430986881256104,3.0630650520324707
FCN_6_layer,"['Wonder', 'Transcendence', 'Nostalgia', 'Tenderness', 'Peacfulness', 'Joy', 'Power', 'Tension', 'Sadness']",0.01,MAE,0,50,4,29.98575963718821,False,0.0,0,No oversampling,99.0,-0.2128513902425766,4.78813362121582,41.71518325805664,6.241983413696289,5.308670520782471,3.541111946105957,4.504848003387451,3.99790358543396,5.859368324279785,7.243814468383789,5.823074817657471,4.831826686859131,1.982582092285156,6.661998748779297,4.238712787628174,5.991814613342285,5.4459099769592285,7.240767002105713,8.971797943115234,7.743115425109863,6.645705699920654,3.2380313873291016
FCN_4_layer,"['Wonder', 'Transcendence', 'Nostalgia', 'Tenderness', 'Peacfulness', 'Joy', 'Power', 'Tension', 'Sadness']",0.01,dense_weight,0,50,1,29.98575963718821,False,0.0,0,No oversampling,99.0,0.3649273812770843,4.922628402709961,43.40901947021485,6.377294540405273,4.960112571716309,3.4655003547668457,5.12235164642334,4.389914512634277,5.767349720001221,7.835815906524658,5.781991958618164,4.313666820526123,2.666954040527344,6.467677593231201,4.164416790008545,6.410849571228027,5.454790592193604,7.014875411987305,9.40528678894043,8.268813133239746,6.222899913787842,3.986046552658081
FCN_4_layer,"['Wonder', 'Transcendence', 'Nostalgia', 'Tenderness', 'Peacfulness', 'Joy', 'Power', 'Tension', 'Sadness']",0.01,dense_weight,0,50,2,29.98575963718821,False,0.0,0,No oversampling,99.0,-0.122451514005661,4.81249475479126,42.98189926147461,6.33966875076294,5.1879754066467285,3.522261142730713,5.190753936767578,4.200835227966309,5.586420059204102,7.56215238571167,5.42194414138794,4.509895324707031,2.1302177906036377,6.486998558044434,4.318843364715576,6.958413124084473,5.273634433746338,6.946542263031006,9.140910148620604,7.8669352531433105,6.694283485412598,3.370457172393799
FCN_4_layer,"['Wonder', 'Transcendence', 'Nostalgia', 'Tenderness', 'Peacfulness', 'Joy', 'Power', 'Tension', 'Sadness']",0.01,dense_weight,0,50,4,29.98575963718821,False,0.0,0,No oversampling,99.0,-0.1172019615769386,5.4022979736328125,54.259674072265625,6.952871799468994,5.498786449432373,3.289243698120117,5.865802764892578,4.26545000076294,5.838809013366699,10.080735206604004,6.527298927307129,5.087810516357422,2.1667466163635254,6.909181594848633,4.148978233337402,7.41741418838501,5.4851603507995605,7.094918727874756,12.41690444946289,8.562333106994629,6.834834098815918,3.706125020980835
FCN_5_layer,"['Wonder', 'Transcendence', 'Nostalgia', 'Tenderness', 'Peacfulness', 'Joy', 'Power', 'Tension', 'Sadness']",0.01,dense_weight,0,50,1,29.98575963718821,False,0.0,0,No oversampling,99.0,0.6031176447868347,4.826488018035889,43.845252990722656,6.418126106262207,4.722530364990234,3.2390854358673096,5.813889503479004,5.037304878234863,5.78980827331543,6.67712926864624,4.718149662017822,5.0516438484191895,2.38885235786438,6.05531644821167,3.9131288528442383,7.283169269561768,6.2365570068359375,7.304997444152832,8.661687850952148,7.485355377197266,7.373919486999512,3.4489998817443848
FCN_5_layer,"['Wonder', 'Transcendence', 'Nostalgia', 'Tenderness', 'Peacfulness', 'Joy', 'Power', 'Tension', 'Sadness']",0.01,dense_weight,0,50,2,29.98575963718821,False,0.0,0,No oversampling,99.0,-0.1007603555917739,4.76775598526001,41.15113067626953,6.218662738800049,5.090008735656738,3.318307876586914,5.249722957611084,4.170882701873779,5.847993850708008,7.014888286590576,5.229738712310791,4.673421382904053,2.314842462539673,6.40975284576416,4.08077335357666,6.5367937088012695,5.248710632324219,6.909049987792969,8.960716247558594,7.383074283599853,6.850095272064209,3.588997364044189
FCN_5_layer,"['Wonder', 'Transcendence', 'Nostalgia', 'Tenderness', 'Peacfulness', 'Joy', 'Power', 'Tension', 'Sadness']",0.01,dense_weight,0,50,4,29.98575963718821,False,0.0,0,No oversampling,99.0,-0.4514369964599609,4.945821762084961,46.114200592041016,6.498403549194336,5.047228813171387,2.9755921363830566,5.243193626403809,4.318540096282959,6.602773666381836,7.82642936706543,5.795902252197266,4.693080902099609,2.0096588134765625,6.386398792266846,3.746499538421631,6.719895839691162,5.6314544677734375,8.357949256896973,9.553494453430176,7.976505756378174,6.98612117767334,3.1273109912872314
FCN_6_layer,"['Wonder', 'Transcendence', 'Nostalgia', 'Tenderness', 'Peacfulness', 'Joy', 'Power', 'Tension', 'Sadness']",0.01,dense_weight,0,50,1,29.98575963718821,False,0.0,0,No oversampling,99.0,0.9394614696502686,5.013991832733154,45.099239349365234,6.488672256469727,5.360925197601318,3.4088237285614014,6.192667484283447,4.452470779418945,5.532839298248291,7.540042400360107,5.497411251068115,4.895968437194824,2.244778633117676,6.88407564163208,4.2645649909973145,7.646073341369629,5.4521965980529785,6.764221668243408,9.372416496276855,7.696698665618896,6.899974822998047,3.4178273677825928
FCN_6_layer,"['Wonder', 'Transcendence', 'Nostalgia', 'Tenderness', 'Peacfulness', 'Joy', 'Power', 'Tension', 'Sadness']",0.01,dense_weight,0,50,4,29.98575963718821,False,0.0,0,No oversampling,99.0,0.7044597864151001,4.963098526000977,43.52246856689453,6.428812980651856,5.284350395202637,3.7227067947387695,5.300434112548828,5.002349376678467,5.758060932159424,7.235816478729248,5.68271541595459,4.225392818450928,2.456060647964477,6.763820648193359,4.586991310119629,6.950890064239502,5.996577262878418,7.058185577392578,8.930559158325195,7.750398635864258,6.086163520812988,3.7357330322265625
FCN_4_layer,"['Wonder', 'Transcendence', 'Nostalgia', 'Tenderness', 'Peacfulness', 'Joy', 'Power', 'Tension', 'Sadness']",0.01,dense_weight_tuned,0,50,1,29.98575963718821,False,0.0,0,No oversampling,99.0,0.175960972905159,5.668185234069824,59.47615432739258,7.331513404846191,5.545974254608154,4.778576850891113,5.638986110687256,4.292823314666748,6.187975883483887,9.051297187805176,7.39818811416626,6.015966892242432,2.1038830280303955,6.974033355712891,5.90563440322876,7.4418206214904785,5.526949405670166,7.321348667144775,12.44086456298828,9.424168586730955,7.561694622039795,3.3871042728424072
FCN_4_layer,"['Wonder', 'Transcendence', 'Nostalgia', 'Tenderness', 'Peacfulness', 'Joy', 'Power', 'Tension', 'Sadness']",0.01,dense_weight_tuned,0,50,2,29.98575963718821,False,0.0,0,No oversampling,99.0,0.7813349366188049,5.529211044311523,53.366336822509766,7.059406280517578,5.3695807456970215,5.330559253692627,5.642346382141113,4.918976783752441,5.762982368469238,8.447463035583496,6.861912250518799,4.657825469970703,2.771251916885376,6.884646892547607,6.291623592376709,7.459661960601807,5.914705276489258,7.022728443145752,11.043045997619627,8.810333251953125,6.217859745025635,3.8900532722473145
FCN_4_layer,"['Wonder', 'Transcendence', 'Nostalgia', 'Tenderness', 'Peacfulness', 'Joy', 'Power', 'Tension', 'Sadness']",0.01,dense_weight_tuned,0,50,4,29.98575963718821,False,0.0,0,No oversampling,99.0,2.363671064376831,6.344491958618164,70.11983489990234,7.828158855438232,5.852510452270508,4.594040870666504,5.895505428314209,4.582610607147217,5.83179235458374,10.65347385406494,10.101754188537598,7.266658306121826,2.322084665298462,7.161348819732666,5.616994380950928,7.246966361999512,6.085323810577393,7.200846195220947,13.887871742248535,11.470264434814451,8.438674926757812,3.345134735107422
FCN_5_layer,"['Wonder', 'Transcendence', 'Nostalgia', 'Tenderness', 'Peacfulness', 'Joy', 'Power', 'Tension', 'Sadness']",0.01,dense_weight_tuned,0,50,1,29.98575963718821,False,0.0,0,No oversampling,99.0,1.8872898817062376,6.118074417114258,61.87668228149414,7.505090713500977,5.926632881164551,4.253557205200195,5.886345863342285,4.898097515106201,5.800256729125977,10.02070140838623,9.34987735748291,6.23291015625,2.6942946910858154,7.3036065101623535,5.383754253387451,7.2431135177612305,5.809558391571045,6.81792688369751,11.856642723083496,10.979734420776367,7.93330192565918,4.218175888061523
FCN_5_layer,"['Wonder', 'Transcendence', 'Nostalgia', 'Tenderness', 'Peacfulness', 'Joy', 'Power', 'Tension', 'Sadness']",0.01,dense_weight_tuned,0,50,2,29.98575963718821,False,0.0,0,No oversampling,99.0,2.658858299255371,6.431558609008789,71.24317169189453,7.893123149871826,5.325755596160889,5.190472602844238,6.144579887390137,4.34291934967041,5.8381524085998535,11.476868629455566,10.232264518737791,7.072519779205322,2.2604968547821045,6.833353996276856,6.624370098114014,7.762579441070557,5.200933456420898,6.723949909210205,13.946197509765623,11.80258846282959,8.369363784790039,3.7747702598571777
FCN_5_layer,"['Wonder', 'Transcendence', 'Nostalgia', 'Tenderness', 'Peacfulness', 'Joy', 'Power', 'Tension', 'Sadness']",0.01,dense_weight_tuned,0,50,4,29.98575963718821,False,0.0,0,No oversampling,99.0,2.9178991317749023,6.391148090362549,69.1491470336914,7.861093997955322,5.793569564819336,4.247910499572754,6.884920597076416,4.797744274139404,6.197754383087158,10.58163356781006,10.260499000549316,5.812653541564941,2.943647861480713,7.360038280487059,5.473227500915527,8.379935264587402,6.054921627044678,7.745729923248291,12.65150260925293,11.921189308166504,7.43222188949585,3.731090068817138
FCN_6_layer,"['Wonder', 'Transcendence', 'Nostalgia', 'Tenderness', 'Peacfulness', 'Joy', 'Power', 'Tension', 'Sadness']",0.01,dense_weight_tuned,0,50,1,29.98575963718821,False,0.0,0,No oversampling,99.0,1.6411725282669067,5.651373863220215,55.81581115722656,7.18169641494751,5.174405574798584,4.573382377624512,6.092669486999512,4.780536651611328,6.180914402008057,9.331524848937988,6.981137275695801,5.188983917236328,2.55881142616272,6.735794544219971,5.846588611602783,7.608062744140625,6.0074005126953125,7.449458122253418,11.753089904785156,8.709338188171387,6.666634559631348,3.858903169631958
FCN_6_layer,"['Wonder', 'Transcendence', 'Nostalgia', 'Tenderness', 'Peacfulness', 'Joy', 'Power', 'Tension', 'Sadness']",0.01,dense_weight_tuned,0,50,2,29.98575963718821,False,0.0,0,No oversampling,99.0,1.3744192123413086,5.569948673248291,54.45083618164063,7.076037406921387,5.787758827209473,4.523873329162598,5.567358493804932,4.349381923675537,5.448614120483398,8.9796142578125,8.04286003112793,4.93916654586792,2.4909121990203857,6.97944974899292,5.532982349395752,7.366437435150146,5.633130073547363,6.530518531799316,11.191291809082031,9.714746475219728,6.923022747039795,3.812753915786743
FCN_6_layer,"['Wonder', 'Transcendence', 'Nostalgia', 'Tenderness', 'Peacfulness', 'Joy', 'Power', 'Tension', 'Sadness']",0.01,dense_weight_tuned,0,50,4,29.98575963718821,False,0.0,0,No oversampling,99.0,3.2857816219329834,6.330175876617432,70.52405548095703,7.777910709381103,5.522394180297852,5.213701725006104,5.110130786895752,4.212833404541016,5.580629825592041,12.326000213623049,9.965693473815918,6.51985502243042,2.520346164703369,6.727304458618164,6.376811504364014,6.486366748809815,5.534000396728516,6.793891429901123,14.809527397155762,11.505386352539062,8.005647659301758,3.7622616291046143
FCN_4_layer,"['Wonder', 'Transcendence', 'Nostalgia', 'Tenderness', 'Peacfulness', 'Joy', 'Power', 'Tension', 'Sadness']",0.01,dense_weight,0,50,1,29.98575963718821,False,0.0,0,No oversampling,99.0,-0.6074564456939697,5.081112861633301,48.4869384765625,6.705011367797852,5.173130512237549,3.130262613296509,5.944942951202393,4.455227375030518,6.256653785705566,7.114720821380615,5.631832122802734,5.652939319610596,2.3703033924102783,6.610757827758789,3.838989496231079,7.837347507476807,5.480776786804199,7.593260765075684,9.151893615722656,8.348154067993164,7.913700103759766,3.570218563079834
FCN_4_layer,"['Wonder', 'Transcendence', 'Nostalgia', 'Tenderness', 'Peacfulness', 'Joy', 'Power', 'Tension', 'Sadness']",0.01,dense_weight,0,50,2,29.98575963718821,False,0.0,0,No oversampling,99.0,-0.5674935579299927,5.231873512268066,48.40996551513672,6.706633567810059,5.1949310302734375,3.4895153045654297,5.514986515045166,4.725500106811523,6.926867485046387,7.838621139526367,6.0331807136535645,4.856125831604004,2.507135391235352,6.403080940246582,4.350522994995117,6.830223560333252,5.735374450683594,8.205926895141602,9.836884498596191,8.245518684387207,7.154007911682129,3.598162174224853
FCN_4_layer,"['Wonder', 'Transcendence', 'Nostalgia', 'Tenderness', 'Peacfulness', 'Joy', 'Power', 'Tension', 'Sadness']",0.01,dense_weight,0,50,4,29.98575963718821,False,0.0,0,No oversampling,99.0,-0.7244455218315125,5.048161506652832,46.21867752075195,6.549911022186279,4.889891624450684,3.483086109161377,5.439441680908203,4.045722961425781,6.249390125274658,7.804585933685303,6.398781776428223,4.721609115600586,2.4009435176849365,5.9331889152526855,4.335759162902832,6.959976673126221,5.12131404876709,7.992189407348633,9.271085739135742,8.670892715454102,6.977999210357666,3.686795473098755
FCN_5_layer,"['Wonder', 'Transcendence', 'Nostalgia', 'Tenderness', 'Peacfulness', 'Joy', 'Power', 'Tension', 'Sadness']",0.01,dense_weight,0,50,1,29.98575963718821,False,0.0,0,No oversampling,99.0,0.4661283493041992,4.842550754547119,41.51248550415039,6.2625908851623535,4.983741283416748,3.575400352478028,5.461335182189941,4.647918701171875,5.360873222351074,7.229880332946777,4.98101806640625,4.912740707397461,2.430050134658813,6.440895080566406,4.12550687789917,6.962849140167236,5.514647960662842,6.509704113006592,8.79600715637207,7.4229607582092285,6.921177864074707,3.669572114944458
FCN_5_layer,"['Wonder', 'Transcendence', 'Nostalgia', 'Tenderness', 'Peacfulness', 'Joy', 'Power', 'Tension', 'Sadness']",0.01,dense_weight,0,50,2,29.98575963718821,False,0.0,0,No oversampling,99.0,0.2173270881175995,4.890654563903809,44.51227188110352,6.424089431762695,5.012307643890381,3.0069406032562256,5.053471088409424,4.887589454650879,5.724151611328125,7.42803430557251,5.53941011428833,4.82230281829834,2.5416858196258545,6.172837734222412,3.752081871032715,6.483617782592773,6.14935827255249,6.937199115753174,9.340524673461914,8.622523307800293,6.7929463386535645,3.5657172203063965
FCN_5_layer,"['Wonder', 'Transcendence', 'Nostalgia', 'Tenderness', 'Peacfulness', 'Joy', 'Power', 'Tension', 'Sadness']",0.01,dense_weight,0,50,4,29.98575963718821,False,0.0,0,No oversampling,99.0,0.6255670785903931,4.843927383422852,40.27791213989258,6.198415756225586,5.046454906463623,3.7096376419067374,5.103065013885498,4.463268756866455,5.678473949432373,7.101775646209717,5.509749412536621,4.620855331420898,2.36206579208374,6.133886337280273,4.651096820831299,6.414196014404297,5.372298717498779,6.91001558303833,8.317943572998047,7.555990695953369,6.766802787780762,3.663511037826538
FCN_6_layer,"['Wonder', 'Transcendence', 'Nostalgia', 'Tenderness', 'Peacfulness', 'Joy', 'Power', 'Tension', 'Sadness']",0.01,dense_weight,0,50,1,29.98575963718821,False,0.0,0,No oversampling,99.0,0.412756860256195,4.731167316436768,41.16222381591797,6.22448205947876,5.214802265167236,3.422322988510132,5.339905261993408,4.046972274780273,5.910661697387695,6.718960762023926,5.433613300323486,4.261592388153076,2.231675386428833,6.791479110717773,4.064025402069092,7.004611492156982,5.264274597167969,7.603542804718018,8.329949378967285,7.277153491973877,6.253487586975098,3.431816816329956
FCN_6_layer,"['Wonder', 'Transcendence', 'Nostalgia', 'Tenderness', 'Peacfulness', 'Joy', 'Power', 'Tension', 'Sadness']",0.01,dense_weight,0,50,4,29.98575963718821,False,0.0,0,No oversampling,99.0,0.0705391615629196,4.651674270629883,40.10465240478516,6.119597434997559,5.122984886169434,3.108079671859741,4.6636576652526855,4.226229190826416,5.573071479797363,6.824779033660889,5.676520824432373,4.499728679656982,2.17001748085022,6.2300801277160645,3.960233688354492,5.96100664138794,5.372459411621094,6.493171215057373,8.382253646850586,8.422690391540527,6.874413013458252,3.3800716400146484
FCN_6_layer,"['Wonder', 'Transcendence', 'Nostalgia', 'Tenderness', 'Peacfulness', 'Joy', 'Power', 'Tension', 'Sadness']",0.01,RMSE,0,50,0,29.98575963718821,False,0.0,0,No oversampling,99.0,0.5979904532432556,4.846359729766846,42.166648864746094,6.318236351013184,5.064303874969482,3.2899246215820312,5.475776195526123,4.597116470336914,6.201779842376709,6.807070255279541,5.238892078399658,4.2337327003479,2.7086355686187744,6.327493667602539,4.008553504943848,7.22218656539917,5.833466053009033,7.427685737609863,8.65396499633789,7.398522853851318,6.110253810882568,3.881999969482422
FCN_4_layer,"['Wonder', 'Transcendence', 'Nostalgia', 'Tenderness', 'Peacfulness', 'Joy', 'Power', 'Tension', 'Sadness']",0.01,RMSE,0,50,0,29.98575963718821,False,0.0,0,No oversampling,99.0,-0.1994020640850067,5.139115333557129,50.17045974731445,6.847742080688477,4.89505672454834,3.270188570022583,5.817981243133545,4.756339073181152,6.01408576965332,7.676345825195312,5.693299293518066,4.944167137145996,3.1845734119415283,6.601285934448242,4.081591606140137,7.427562236785889,5.695736885070801,7.351428508758545,9.83627986907959,8.819969177246094,7.534727573394775,4.28109884262085
FCN_5_layer,"['Wonder', 'Transcendence', 'Nostalgia', 'Tenderness', 'Peacfulness', 'Joy', 'Power', 'Tension', 'Sadness']",0.01,RMSE,0,50,0,29.98575963718821,False,0.0,0,No oversampling,99.0,0.819696307182312,5.142702102661133,49.20809173583984,6.79661750793457,5.289755344390869,3.4284143447875977,5.842698097229004,5.8637871742248535,6.2994160652160645,6.974480628967285,4.961373805999756,4.920445919036865,2.703944206237793,6.513548851013184,4.181676387786865,7.462483882904053,6.813480854034424,7.869096755981445,9.20249366760254,7.999412059783935,7.60569953918457,3.521659135818481
FCN_4_layer,"['Wonder', 'Transcendence', 'Nostalgia', 'Tenderness', 'Peacfulness', 'Joy', 'Power', 'Tension', 'Sadness']",0.01,MSE,0,50,0,29.98575963718821,False,0.0,0,No oversampling,99.0,0.476260244846344,5.059916019439697,46.408836364746094,6.595297336578369,5.194876194000244,3.315485954284668,5.351473808288574,4.800531387329102,6.5664825439453125,7.200466156005859,5.303684711456299,4.950818061828613,2.8554227352142334,6.530438423156738,4.057992458343506,6.89405632019043,5.611472129821777,7.707193851470947,9.403623580932615,8.147252082824707,7.048802852630615,3.956847906112671
FCN_5_layer,"['Wonder', 'Transcendence', 'Nostalgia', 'Tenderness', 'Peacfulness', 'Joy', 'Power', 'Tension', 'Sadness']",0.01,MSE,0,50,0,29.98575963718821,False,0.0,0,No oversampling,99.0,0.5848246812820435,5.013285636901856,43.69758605957031,6.432490348815918,5.064400672912598,3.5240039825439453,5.752537250518799,5.240719795227051,5.828928470611572,6.8872904777526855,5.290538311004639,4.734835147857666,2.79631781578064,6.309258460998535,4.152094841003418,7.187830924987793,6.158025741577148,7.032934188842773,8.852262496948242,7.527634143829346,6.949520111083984,3.722856283187866
FCN_6_layer,"['Wonder', 'Transcendence', 'Nostalgia', 'Tenderness', 'Peacfulness', 'Joy', 'Power', 'Tension', 'Sadness']",0.01,MSE,0,50,0,29.98575963718821,False,0.0,0,No oversampling,99.0,0.6077631115913391,4.834096431732178,43.3535041809082,6.400313854217529,4.767546653747559,3.411371946334839,5.584796905517578,4.612929344177246,6.299426555633545,6.521761894226074,5.310694217681885,4.328379154205322,2.669961452484131,6.063182830810547,4.13629150390625,7.159129142761231,5.822249889373779,7.588137626647949,8.73076343536377,7.903395652770996,6.298232078552246,3.901444435119629
FCN_4_layer,"['Wonder', 'Transcendence', 'Nostalgia', 'Tenderness', 'Peacfulness', 'Joy', 'Power', 'Tension', 'Sadness']",0.01,RMSLE,0,50,0,29.98575963718821,False,0.0,0,No oversampling,99.0,-1.2672436237335205,4.868659973144531,46.10888671875,6.533936500549316,4.811559677124023,3.246133089065552,5.114508152008057,4.498075485229492,6.404204845428467,7.402928829193115,5.639496803283691,4.666574954986572,2.034456491470337,6.134152889251709,4.023943901062012,6.89439058303833,5.611799240112305,7.731942176818848,9.429718017578123,7.977088451385498,7.654372215270996,3.3480207920074463
FCN_5_layer,"['Wonder', 'Transcendence', 'Nostalgia', 'Tenderness', 'Peacfulness', 'Joy', 'Power', 'Tension', 'Sadness']",0.01,RMSLE,0,50,0,29.98575963718821,False,0.0,0,No oversampling,99.0,-0.1417980939149856,4.855056285858154,42.9181022644043,6.321986198425293,5.425970554351807,3.208867073059082,5.570497989654541,4.043059349060059,6.331859111785889,6.799022674560547,4.617342472076416,5.54838752746582,2.1505022048950195,6.480942726135254,3.8918776512146,6.971063137054443,5.127508163452148,7.28490686416626,8.93529224395752,7.070624351501465,7.726762771606445,3.408899545669556
FCN_6_layer,"['Wonder', 'Transcendence', 'Nostalgia', 'Tenderness', 'Peacfulness', 'Joy', 'Power', 'Tension', 'Sadness']",0.01,RMSLE,0,50,0,29.98575963718821,False,0.0,0,No oversampling,99.0,-1.0268796682357788,4.814069747924805,44.30504608154297,6.369920253753662,5.078007221221924,3.1567513942718506,5.190419673919678,4.021604537963867,5.776449680328369,7.183358669281006,5.871246814727783,4.679649353027344,2.369137763977051,6.634546279907227,3.83360743522644,6.697548389434815,4.956355571746826,6.654974937438965,9.605672836303713,8.81454086303711,6.651294231414795,3.4807393550872803
FCN_4_layer,"['Wonder', 'Transcendence', 'Nostalgia', 'Tenderness', 'Peacfulness', 'Joy', 'Power', 'Tension', 'Sadness']",0.01,RMSLE,0,50,1,29.98575963718821,False,0.0,0,No oversampling,99.0,-1.3370909690856934,5.0903730392456055,51.14814376831055,6.881161689758301,5.276504039764404,3.3906497955322266,5.93902587890625,4.457963943481445,6.656869411468506,7.532883644104004,5.250007152557373,5.013461112976074,2.295992851257324,6.634834289550781,4.133981704711914,7.684825420379639,5.709864139556885,7.621168613433838,10.22622013092041,8.495336532592773,7.645809173583984,3.7784171104431152
FCN_4_layer,"['Wonder', 'Transcendence', 'Nostalgia', 'Tenderness', 'Peacfulness', 'Joy', 'Power', 'Tension', 'Sadness']",0.01,RMSLE,0,50,2,29.98575963718821,False,0.0,0,No oversampling,99.0,-0.5548954010009766,5.285006046295166,52.434715270996094,6.9608964920043945,5.300494194030762,3.547457695007324,6.390667915344238,4.6571245193481445,6.015610218048096,7.688785552978516,6.177921772003174,5.352540016174316,2.4344539642333984,6.641446590423584,4.394711017608643,7.902637481689453,5.781800270080566,7.4869208335876465,10.150335311889648,8.967233657836914,7.783959865570068,3.539019823074341
FCN_4_layer,"['Wonder', 'Transcendence', 'Nostalgia', 'Tenderness', 'Peacfulness', 'Joy', 'Power', 'Tension', 'Sadness']",0.01,RMSLE,0,50,4,29.98575963718821,False,0.0,0,No oversampling,99.0,-0.2330785393714904,6.066527366638184,65.78083038330078,7.702498435974121,5.052874565124512,3.693547964096069,6.271238327026367,4.809715747833252,7.631836414337158,9.167816162109377,10.021268844604492,5.87416410446167,2.0762860774993896,6.480935096740723,4.535881042480469,7.867928504943848,6.882256984710693,9.821063041687012,10.496207237243652,11.99405002593994,7.422710418701172,3.821446895599365
FCN_5_layer,"['Wonder', 'Transcendence', 'Nostalgia', 'Tenderness', 'Peacfulness', 'Joy', 'Power', 'Tension', 'Sadness']",0.01,RMSLE,0,50,1,29.98575963718821,False,0.0,0,No oversampling,99.0,-0.6434789896011353,4.631793975830078,41.6086540222168,6.22469425201416,4.88161563873291,3.4779164791107178,5.142242908477783,3.717702865600586,5.215566158294678,7.121304512023926,4.99381685256958,5.10556697845459,2.030416250228882,6.256583690643311,4.166882514953613,6.568732738494873,4.951505661010742,6.280077934265137,9.02751636505127,7.898098468780518,7.421328067779541,3.451521873474121
FCN_5_layer,"['Wonder', 'Transcendence', 'Nostalgia', 'Tenderness', 'Peacfulness', 'Joy', 'Power', 'Tension', 'Sadness']",0.01,RMSLE,0,50,2,29.98575963718821,False,0.0,0,No oversampling,99.0,-0.557239294052124,5.14220666885376,51.78288269042969,6.871652126312256,4.7441840171813965,3.237797975540161,5.288700580596924,4.522533893585205,6.458382606506348,8.285592079162598,6.023957252502441,5.252420425415039,2.4662914276123047,6.435474872589111,4.057139873504639,7.193170070648193,5.672187328338623,7.731907367706299,10.396856307983398,8.707355499267578,8.344269752502441,3.306507110595703
FCN_5_layer,"['Wonder', 'Transcendence', 'Nostalgia', 'Tenderness', 'Peacfulness', 'Joy', 'Power', 'Tension', 'Sadness']",0.01,RMSLE,0,50,4,29.98575963718821,False,0.0,0,No oversampling,99.0,0.4456178843975067,5.1917500495910645,48.21584701538086,6.7381205558776855,5.190882205963135,3.9495465755462646,5.812928199768066,4.776154041290283,6.294503688812256,7.528695106506348,5.655731201171875,5.521404266357422,1.995907068252564,6.603653907775879,4.830030918121338,7.282021999359131,6.241559028625488,7.428122043609619,9.210867881774902,7.6469950675964355,8.102885246276855,3.296948432922364
FCN_6_layer,"['Wonder', 'Transcendence', 'Nostalgia', 'Tenderness', 'Peacfulness', 'Joy', 'Power', 'Tension', 'Sadness']",0.01,RMSLE,0,50,1,29.98575963718821,False,0.0,0,No oversampling,99.0,-0.2833074331283569,4.8363447189331055,46.136863708496094,6.570663928985596,5.0728631019592285,3.449923515319824,4.840909004211426,4.516945838928223,5.69364070892334,7.020671844482422,5.922245025634766,4.750552177429199,2.259349822998047,6.676356792449951,4.27234411239624,6.615269184112549,5.822329998016357,7.267580509185791,9.376517295837402,8.657574653625488,6.719491958618164,3.728513240814209
FCN_6_layer,"['Wonder', 'Transcendence', 'Nostalgia', 'Tenderness', 'Peacfulness', 'Joy', 'Power', 'Tension', 'Sadness']",0.01,RMSLE,0,50,2,29.98575963718821,False,0.0,0,No oversampling,99.0,-0.5071765780448914,4.67738151550293,42.310508728027344,6.271865367889404,4.718381881713867,3.398788452148437,4.726926326751709,4.212931156158447,5.842642307281494,7.299299240112305,5.617470741271973,4.47775936126709,1.802235126495361,6.220055103302002,4.192171573638916,6.337904930114746,5.81547737121582,7.172286987304688,8.979907989501953,8.16960620880127,6.515859127044678,3.0435211658477783
FCN_6_layer,"['Wonder', 'Transcendence', 'Nostalgia', 'Tenderness', 'Peacfulness', 'Joy', 'Power', 'Tension', 'Sadness']",0.01,RMSLE,0,50,4,29.98575963718821,False,0.0,0,No oversampling,99.0,-0.8310142755508423,4.702864646911621,42.45657730102539,6.2808709144592285,4.89146089553833,3.5035884380340576,4.970099449157715,3.986886739730835,5.7284979820251465,7.079487323760986,5.768853664398193,4.466285705566406,1.9306236505508425,6.4093451499938965,4.368629455566406,6.712265968322754,5.324974060058594,7.171720027923584,8.85343074798584,8.476827621459961,6.095839977264404,3.114808797836304
FCN_6_layer,"['Wonder', 'Transcendence', 'Nostalgia', 'Tenderness', 'Peacfulness', 'Joy', 'Power', 'Tension', 'Sadness']",0.01,RMSLE,0,50,4,29.98575963718821,False,0.0,0,No oversampling,99.0,-0.6990668773651123,4.757396221160889,42.41277313232422,6.289022445678711,4.947926998138428,3.556967735290528,4.994132518768311,4.441067218780518,5.878490447998047,6.580400943756104,5.529041767120361,4.742565155029297,2.1459732055664062,6.368252277374268,4.227863788604736,6.407097339630127,5.478233814239502,6.970305919647217,8.522080421447754,8.531499862670898,6.95355749130249,3.142306566238404
FCN_6_layer,"['Wonder', 'Transcendence', 'Nostalgia', 'Tenderness', 'Peacfulness', 'Joy', 'Power', 'Tension', 'Sadness']",0.01,RMSLE,0,50,4,29.98575963718821,False,0.0,0,No oversampling,99.0,-0.6990668773651123,4.757396221160889,42.41277313232422,6.289022445678711,4.947926998138428,3.556967735290528,4.994132518768311,4.441067218780518,5.878490447998047,6.580400943756104,5.529041767120361,4.742565155029297,2.1459732055664062,6.368252277374268,4.227863788604736,6.407097339630127,5.478233814239502,6.970305919647217,8.522080421447754,8.531499862670898,6.95355749130249,3.142306566238404
FCN_6_layer,"['Wonder', 'Transcendence', 'Nostalgia', 'Tenderness', 'Peacfulness', 'Joy', 'Power', 'Tension', 'Sadness']",0.01,dense_weight,0,50,2,29.98575963718821,False,0.0,0,No oversampling,0.3398918913260477,-0.1250836104154586,4.465757846832275,39.32125854492188,6.052079677581787,4.898232936859131,3.137803316116333,4.126227855682373,3.835378885269165,5.76170015335083,6.673701763153076,5.593599319458008,4.167710304260254,1.997468113899231,6.591585636138916,3.850883483886719,5.5138773918151855,5.364595413208008,6.954565048217773,8.639913558959961,7.889854431152344,6.327774524688721,3.335667133331299
FCN_5_layer,"['Wonder', 'Transcendence', 'Nostalgia', 'Tenderness', 'Peacfulness', 'Joy', 'Power', 'Tension', 'Sadness']",0.01,MAE,0,50,0,29.98575963718821,False,0.0,0,No oversampling,0.2379289053041255,0.3836031258106231,4.998088836669922,46.99848175048828,6.595715045928955,4.970638275146484,3.017619132995605,5.235247611999512,5.568463325500488,5.90557861328125,7.481746673583984,5.768023490905762,4.802422046661377,2.2330586910247803,6.033392429351807,3.6698131561279297,6.776141166687012,6.690409660339356,7.598786354064941,9.319690704345703,8.402158737182617,7.454803466796875,3.416246175765991
FCN_4_layer,"['Wonder', 'Transcendence', 'Nostalgia', 'Tenderness', 'Peacfulness', 'Joy', 'Power', 'Tension', 'Sadness']",0.01,MAE,0,50,0,29.98575963718821,False,0.0,0,No oversampling,0.2307810172055574,-0.1043291464447975,4.9145283699035645,45.484981536865234,6.528900146484375,4.923102378845215,3.2081573009490967,5.59354829788208,4.968194484710693,5.675022602081299,7.288188457489014,5.368627071380615,4.709779262542725,2.496134996414185,6.380406379699707,4.163136005401611,7.260007381439209,5.795263767242432,6.565799236297607,9.212556838989258,8.285486221313477,7.395867824554443,3.701578140258789
FCN_6_layer,"['Wonder', 'Transcendence', 'Nostalgia', 'Tenderness', 'Peacfulness', 'Joy', 'Power', 'Tension', 'Sadness']",0.01,MAE,0,50,0,29.98575963718821,False,0.0,0,No oversampling,0.2923790390188963,0.2608607411384582,4.777578353881836,42.9643669128418,6.328153133392334,4.841038227081299,3.1489837169647217,5.426734447479248,4.748488426208496,5.760909557342529,6.731346607208252,5.10431432723999,5.014804840087891,2.2215845584869385,6.210229396820068,3.8681116104125977,6.915097713470459,5.63629961013794,7.001241207122803,8.762009620666504,7.795220375061035,7.511380195617676,3.253788948059082
FCN_7_layer,"['Wonder', 'Transcendence', 'Nostalgia', 'Tenderness', 'Peacfulness', 'Joy', 'Power', 'Tension', 'Sadness']",0.01,MAE,0,50,0,29.98575963718821,False,0.0,0,No oversampling,0.2768664699868133,-1.0081117153167725,4.900259494781494,44.93073272705078,6.446188926696777,5.010270118713379,3.489809274673462,5.593418121337891,4.112913131713867,6.471047878265381,7.536254405975342,5.339644432067871,4.525811672210693,2.0231709480285645,6.44902229309082,4.013911724090576,7.2368388175964355,5.541854381561279,7.396888256072998,9.489944458007812,8.004899024963379,6.66010332107544,3.2222371101379395
pretrained_musicnn_parallel,"['Wonder', 'Transcendence', 'Nostalgia', 'Tenderness', 'Peacfulness', 'Joy', 'Power', 'Tension', 'Sadness']",0.01,MAE,0,50,0,2.9857596371882087,False,0.0,0,No oversampling,-0.0101104294215123,-2.175770998001098,5.76417350769043,63.08618927001953,7.64905309677124,5.525638580322266,3.868673324584961,7.102812767028809,5.438117504119873,8.362814903259277,8.006744384765625,6.10429048538208,5.415657997131348,2.0528111457824707,7.209595680236816,4.826874732971191,8.844301223754883,6.689835548400879,10.282108306884766,10.031460762023926,9.281262397766112,7.94329833984375,3.73274040222168
musicnn_arch_finetune,"['Wonder', 'Transcendence', 'Nostalgia', 'Tenderness', 'Peacfulness', 'Joy', 'Power', 'Tension', 'Sadness']",0.01,MAE,0,50,0,2.9857596371882087,False,0.0,0,No oversampling,-0.0558281935971468,-1.1094167232513428,6.06856107711792,67.12203216552734,7.864011764526367,5.502447128295898,4.217106342315674,7.205576419830322,5.983355522155762,8.31096076965332,8.633217811584473,6.761046886444092,5.801463603973389,2.2018754482269287,6.920175552368164,5.106572151184082,8.709307670593262,6.904462814331055,10.173542022705078,11.058538436889648,9.808884620666504,8.441293716430664,3.653327703475952
FCN_6_layer,['Wonder'],0.01,MAE,0,50,0,29.98575963718821,False,0.0,0,No oversampling,0.042304100309041,-1.172368049621582,5.163547515869141,40.65428161621094,6.376070976257324,5.163547515869141,,,,,,,,,6.376070976257324,,,,,,,,
FCN_6_layer,['Transcendence'],0.01,MAE,0,50,0,29.98575963718821,False,0.0,0,No oversampling,0.3357397546398053,1.4280272722244265,3.3180201053619385,17.29415512084961,4.158624172210693,,3.3180201053619385,,,,,,,,,4.158624172210693,,,,,,,
FCN_6_layer,['Nostalgia'],0.01,MAE,0,50,0,29.98575963718821,False,0.0,0,No oversampling,0.0113415259121272,-2.416433334350586,6.801697254180908,74.44145965576172,8.627946853637695,,,6.801697254180908,,,,,,,,,8.627946853637695,,,,,,
FCN_6_layer,['Tenderness'],0.01,MAE,0,50,0,29.98575963718821,False,0.0,0,No oversampling,0.3474756104347857,1.1487420797348022,4.446359634399414,31.07790184020996,5.574755668640137,,,,4.446359634399414,,,,,,,,,5.574755668640137,,,,,
FCN_6_layer,['Peacfulness'],0.01,MAE,0,50,0,29.98575963718821,False,0.0,0,No oversampling,0.560818688085454,1.2518534660339355,5.581927299499512,45.40427017211914,6.738268852233887,,,,,5.581927299499512,,,,,,,,,6.738268852233887,,,,
FCN_6_layer,['Joy'],0.01,MAE,0,50,0,29.98575963718821,False,0.0,0,No oversampling,0.2424356062444208,-2.8163483142852783,6.974304676055908,89.47150421142578,9.458937644958496,,,,,,6.974304676055908,,,,,,,,,9.458937644958496,,,
FCN_6_layer,['Power'],0.01,MAE,0,50,0,29.98575963718821,False,0.0,0,No oversampling,0.1855154726973135,-3.1943204402923584,5.413608074188232,70.81208038330078,8.41499137878418,,,,,,,5.413608074188232,,,,,,,,,8.41499137878418,,
FCN_6_layer,['Tension'],0.01,MAE,0,50,0,29.98575963718821,False,0.0,0,No oversampling,0.1185811650495118,-1.1051384210586548,4.9841179847717285,52.07094955444336,7.216020107269287,,,,,,,,4.9841179847717285,,,,,,,,,7.216020107269287,
FCN_6_layer,['Sadness'],0.01,MAE,0,50,0,29.98575963718821,False,0.0,0,No oversampling,0.0761706713641569,-0.5267805457115173,2.060736894607544,12.148027420043944,3.485402107238769,,,,,,,,,2.060736894607544,,,,,,,,,3.485402107238769
FCN_6_layer,['Wonder'],0.01,dense_weight,0,50,0,29.98575963718821,False,0.0,0,No oversampling,0.1355316423022329,-1.2411189079284668,4.864199161529541,36.6967658996582,6.057785511016846,4.864199161529541,,,,,,,,,6.057785511016846,,,,,,,,
FCN_6_layer,['Transcendence'],0.01,dense_weight,0,50,0,29.98575963718821,False,0.0,0,No oversampling,0.2734807108314211,0.4710854887962341,3.305623769760132,18.915082931518555,4.349147319793701,,3.305623769760132,,,,,,,,,4.349147319793701,,,,,,,
FCN_6_layer,['Nostalgia'],0.01,dense_weight,0,50,0,29.98575963718821,False,0.0,0,No oversampling,0.1522847855064016,-3.872337579727173,6.25535249710083,63.82907104492188,7.989309787750244,,,6.25535249710083,,,,,,,,,7.989309787750244,,,,,,
FCN_6_layer,['Tenderness'],0.01,dense_weight,0,50,0,29.98575963718821,False,0.0,0,No oversampling,0.3823268333958033,-0.906882345676422,4.05712366104126,29.41802978515625,5.423839092254639,,,,4.05712366104126,,,,,,,,,5.423839092254639,,,,,
FCN_6_layer,['Peacfulness'],0.01,dense_weight,0,50,0,29.98575963718821,False,0.0,0,No oversampling,0.5261842870816424,1.2434102296829224,5.767188549041748,48.98491287231445,6.998922348022461,,,,,5.767188549041748,,,,,,,,,6.998922348022461,,,,
FCN_6_layer,['Joy'],0.01,dense_weight,0,50,0,29.98575963718821,False,0.0,0,No oversampling,0.3374018429506303,0.2580372989177704,6.878222465515137,78.25559997558594,8.846219062805176,,,,,,6.878222465515137,,,,,,,,,8.846219062805176,,,
FCN_6_layer,['Power'],0.01,dense_weight,0,50,0,29.98575963718821,False,0.0,0,No oversampling,0.2762715140835579,0.3326224684715271,5.600290775299072,62.92165756225586,7.93231725692749,,,,,,,5.600290775299072,,,,,,,,,7.93231725692749,,
FCN_6_layer,['Tension'],0.01,dense_weight,0,50,0,29.98575963718821,False,0.0,0,No oversampling,0.0728638496357262,-3.22910213470459,4.8802008628845215,54.77175521850586,7.40079402923584,,,,,,,,4.8802008628845215,,,,,,,,,7.40079402923584,
FCN_6_layer,['Sadness'],0.01,dense_weight,0,50,0,29.98575963718821,False,0.0,0,No oversampling,0.2172754166078779,-0.0570773109793663,2.16975212097168,10.292550086975098,3.208200454711914,,,,,,,,,2.16975212097168,,,,,,,,,3.208200454711914
FCN_6_layer,"['Wonder', 'Transcendence', 'Nostalgia', 'Tenderness', 'Peacfulness', 'Joy', 'Power', 'Tension', 'Sadness']",0.01,dense_weight,0,50,0,29.98575963718821,False,0.0,0,No oversampling,0.2528825328355906,0.5734078288078308,4.99423885345459,43.139610290527344,6.373972415924072,4.894054889678955,3.111416816711426,5.583709716796875,4.840958595275879,6.116573810577393,7.016354560852051,5.234080791473389,5.036136627197266,3.114861011505127,6.213231086730957,3.710154533386232,7.028430461883545,5.619668483734131,6.867467403411865,8.617517471313477,7.526604652404785,7.81724739074707,3.9654300212860094
musicnn_arch,"['Wonder', 'Transcendence', 'Nostalgia', 'Tenderness', 'Peacfulness', 'Joy', 'Power', 'Tension', 'Sadness']",0.01,MAE,0,40,0,2.9857596371882087,False,0.0,0,No oversampling,-0.0572529846684833,-1.1247797012329102,6.082198619842529,67.42337036132812,7.875946998596191,5.461586952209473,4.213985919952393,7.166192531585693,6.0872650146484375,8.317380905151367,8.688811302185059,6.810329914093018,5.774817943572998,2.2194173336029053,6.862782001495361,5.105450630187988,8.686413764953613,6.947403907775879,10.171981811523438,11.15567684173584,9.903051376342772,8.405244827270508,3.645515203475952
multitask_model,"['Wonder', 'Transcendence', 'Nostalgia', 'Tenderness', 'Peacfulness', 'Joy', 'Power', 'Tension', 'Sadness']",0.01,MAE,0,10,0,29.98575963718821,False,0.0,0,No oversampling,0.1596629440636764,0.234400063753128,5.105407238006592,47.02389907836914,6.699007034301758,5.265405654907227,3.673565149307251,5.770046234130859,4.456058979034424,5.726068496704102,6.931055545806885,5.913358211517334,5.038228511810303,3.174878120422364,6.949812412261963,4.541755676269531,7.436831951141357,5.528653144836426,7.36959171295166,8.910394668579102,7.942381381988525,7.25713586807251,4.354506492614746
FCN_6_layer,['Wonder'],0.01,dense_weight,0,10,0,29.98575963718821,False,0.0,0,No oversampling,0.1869676916793606,0.3976233005523681,4.831101417541504,34.51329803466797,5.874802112579346,4.831101417541504,,,,,,,,,5.874802112579346,,,,,,,,
FCN_6_layer,['Transcendence'],0.01,dense_weight,0,10,0,29.98575963718821,False,0.0,0,No oversampling,0.2844279172343601,0.0826174840331077,3.4744174480438232,18.63007164001465,4.316256523132324,,3.4744174480438232,,,,,,,,,4.316256523132324,,,,,,,
FCN_6_layer,['Nostalgia'],0.01,dense_weight,0,10,0,29.98575963718821,False,0.0,0,No oversampling,0.4442063441814857,0.4003247022628784,5.044869899749756,41.84870910644531,6.469058036804199,,,5.044869899749756,,,,,,,,,6.469058036804199,,,,,,
FCN_6_layer,['Tenderness'],0.01,dense_weight,0,10,0,29.98575963718821,False,0.0,0,No oversampling,0.1360791295029673,1.130564570426941,4.971904277801514,41.1461181640625,6.414524078369141,,,,4.971904277801514,,,,,,,,,6.414524078369141,,,,,
FCN_6_layer,['Peacfulness'],0.01,dense_weight,0,10,0,29.98575963718821,False,0.0,0,No oversampling,0.3385157598503742,1.0951145887374878,6.468713283538818,68.3868179321289,8.269632339477539,,,,,6.468713283538818,,,,,,,,,8.269632339477539,,,,
FCN_6_layer,['Joy'],0.01,dense_weight,0,10,0,29.98575963718821,False,0.0,0,No oversampling,0.2325600804894705,-2.1426379680633545,7.304464817047119,90.63784790039062,9.520391464233398,,,,,,7.304464817047119,,,,,,,,,9.520391464233398,,,
FCN_6_layer,['Power'],0.01,dense_weight,0,10,0,29.98575963718821,False,0.0,0,No oversampling,0.1405775545844357,-4.473682403564453,5.682261943817139,74.71903228759766,8.644017219543457,,,,,,,5.682261943817139,,,,,,,,,8.644017219543457,,
FCN_6_layer,['Tension'],0.01,dense_weight,0,10,0,29.98575963718821,False,0.0,0,No oversampling,0.2488113244982102,0.2727650105953216,5.358078956604004,44.377437591552734,6.661639213562012,,,,,,,,5.358078956604004,,,,,,,,,6.661639213562012,
FCN_6_layer,['Sadness'],0.01,dense_weight,0,10,0,29.98575963718821,False,0.0,0,No oversampling,0.0600901660390266,-0.0930415242910385,2.1673905849456787,12.359479904174805,3.5156052112579346,,,,,,,,,2.1673905849456787,,,,,,,,,3.5156052112579346
FCN_6_layer,"['Wonder', 'Transcendence', 'Nostalgia', 'Tenderness', 'Peacfulness', 'Joy', 'Power', 'Tension', 'Sadness']",0.01,dense_weight,0,10,0,29.98575963718821,False,0.0,0,No oversampling,0.23255513657308274,-0.8009006381034851,5.031524658203125,47.68370819091797,6.6360063552856445,5.005346775054932,3.2931225299835205,5.370129585266113,4.308043956756592,7.138246536254883,6.91839599609375,5.900351524353027,5.21195650100708,2.1381287574768066,6.614169120788574,3.909435272216797,6.694848537445068,5.5523576736450195,8.658595085144043,8.917244911193848,8.448028564453125,7.572934627532959,3.3564469814300537
